account_value,datadate,daily_return,Date
1000000.0,20160104,,2016-01-04
999705.1510255309,20160105,-0.0002948489744690752,2016-01-05
996882.8751459244,20160106,-0.0028231082701847265,2016-01-06
991255.5226860831,20160107,-0.005644948469013977,2016-01-07
988637.2252519359,20160108,-0.002641395053267659,2016-01-08
989012.5232086388,20160111,0.0003796113954814828,2016-01-11
991964.2219120676,20160112,0.002984490726015032,2016-01-12
984387.4860006096,20160113,-0.007638114101387039,2016-01-13
991125.603335652,20160114,0.006844984755361105,2016-01-14
982029.6453460286,20160115,-0.00917740189438232,2016-01-15
981832.3234362402,20160119,-0.00020093274243149217,2016-01-19
973152.218236688,20160120,-0.00884072055111551,2016-01-20
976562.9393787972,20160121,0.0035048177234691114,2016-01-21
980693.0062991618,20160122,0.004229186623641246,2016-01-22
975018.1829153536,20160125,-0.005786544155365503,2016-01-25
985682.0961212923,20160126,0.010937142909533293,2016-01-26
978231.0679668508,20160127,-0.00755926092577075,2016-01-27
981397.0495271634,20160128,0.003236435300396634,2016-01-28
993480.5816692249,20160129,0.01231258250458711,2016-01-29
992631.4981998785,20160201,-0.000854655324938336,2016-02-01
982384.11617056,20160202,-0.01032345039211624,2016-02-02
991300.7921817672,20160203,0.009076567774696231,2016-02-03
993817.3053839287,20160204,0.002538596984899888,2016-02-04
983241.0690538788,20160205,-0.010642032768753307,2016-02-05
979629.5553603031,20160208,-0.0036730704272257553,2016-02-08
977651.9342392092,20160209,-0.0020187438305356853,2016-02-09
971468.6759406816,20160210,-0.006324600895245225,2016-02-10
957472.0443650756,20160211,-0.014407702401781353,2016-02-11
970962.42645957,20160212,0.014089583266569505,2016-02-12
981331.3068604759,20160216,0.010678971830778483,2016-02-16
996385.5327433208,20160217,0.015340615119074474,2016-02-17
992365.0889730908,20160218,-0.004035028247711181,2016-02-18
988932.7945125777,20160219,-0.003458701337493486,2016-02-19
1001170.6801481578,20160222,0.012374840538695864,2016-02-22
988883.7218994095,20160223,-0.012272590970133002,2016-02-23
992740.1626153929,20160224,0.0038997918871352955,2016-02-24
1003375.1293968009,20160225,0.010712739528327297,2016-02-25
998827.3701469693,20160226,-0.004532461605427196,2016-02-26
993202.8349642092,20160229,-0.005631138423782378,2016-02-29
1013267.3332932146,20160301,0.02020181338863014,2016-03-01
1014798.6981905028,20160302,0.001511313793479463,2016-03-02
1016788.1775007469,20160303,0.001960466951516082,2016-03-03
1022502.94283843,20160304,0.005620408915188113,2016-03-04
1027912.7042496569,20160307,0.005290704979498129,2016-03-07
1023143.9717180224,20160308,-0.0046392388302229914,2016-03-08
1027851.8309438649,20160309,0.004601365356174947,2016-03-09
1028422.9722111695,20160310,0.0005556649802143099,2016-03-10
1040670.7565155459,20160311,0.011909286971724109,2016-03-11
1041422.5347174809,20160314,0.0007223977393697734,2016-03-14
1044585.1936995946,20160315,0.0030368643626208502,2016-03-15
1050356.089024385,20160316,0.005524580818871971,2016-03-16
1057636.492111553,20160317,0.0069313665748635955,2016-03-17
1065019.0847130052,20160318,0.006980274088985938,2016-03-18
1065818.9873419341,20160321,0.0007510688215923711,2016-03-21
1063899.1008559554,20160322,-0.0018013250925157376,2016-03-22
1059372.389350054,20160323,-0.004254831592826247,2016-03-23
1059258.3171625778,20160324,-0.00010767902639630123,2016-03-24
1058987.0867877286,20160328,-0.00025605687531982113,2016-03-28
1064921.4373135185,20160329,0.005603798761881773,2016-03-29
1069395.4491892522,20160330,0.004201260035688881,2016-03-30
1067474.0833849674,20160331,-0.001796684103847146,2016-03-31
1071760.97794675,20160401,0.004015923785417597,2016-04-01
1069831.987547975,20160404,-0.0017998326478263493,2016-04-04
1069831.987547975,20160405,0.0,2016-04-05
1066444.4516454516,20160406,-0.0031664185983890647,2016-04-06
1053632.3708142894,20160407,-0.012013828579063857,2016-04-07
1056418.4276652676,20160408,0.002644239991245634,2016-04-08
1054213.3071069443,20160411,-0.0020873552567581832,2016-04-11
1064784.5809887846,20160412,0.010027642233857659,2016-04-12
1072762.6764499112,20160413,0.007492685002743027,2016-04-13
1073132.6338228434,20160414,0.0003448641354268922,2016-04-14
1071266.487294855,20160415,-0.0017389709987111202,2016-04-15
1076366.8848897144,20160418,0.004761091339409607,2016-04-18
1081178.6119054938,20160419,0.00447034099927035,2016-04-19
1081383.5246867277,20160420,0.00018952722425091828,2016-04-20
1068704.6718263344,20160421,-0.011724658801387067,2016-04-21
1073283.7562052815,20160422,0.004284705119817378,2016-04-22
1072793.595140347,20160425,-0.00045669289421412795,2016-04-25
1074620.0638466082,20160426,0.0017025350585004873,2016-04-26
1075123.6439035437,20160427,0.0004686121857180314,2016-04-27
1063821.681338466,20160428,-0.010512244455942454,2016-04-28
1058065.3715248895,20160429,-0.005410972453892993,2016-04-29
1063257.0644732541,20160502,0.004906779002588735,2016-05-02
1056999.3925003766,20160503,-0.00588538010417794,2016-05-03
1052959.564276385,20160504,-0.003821977810635535,2016-05-04
1052555.9887380768,20160505,-0.0003832773375163079,2016-05-05
1056300.82151555,20160506,0.0035578466300523193,2016-05-06
1054004.7568486135,20160509,-0.0021736844468625005,2016-05-09
1065328.2457902874,20160510,0.010743299655999738,2016-05-10
1053590.2050660972,20160511,-0.011018238529367674,2016-05-11
1054583.6985565692,20160512,0.0009429600671064797,2016-05-12
1044273.2821539995,20160513,-0.009776764439543006,2016-05-13
1056949.8226664108,20160516,0.012139102597994,2016-05-16
1046072.2262586628,20160517,-0.010291497452837195,2016-05-17
1041547.5804296826,20160518,-0.004325366562080268,2016-05-18
1037955.7873842604,20160519,-0.003448515567517685,2016-05-19
1041041.9598018294,20160520,0.0029733177993509496,2016-05-20
1041522.5000652029,20160523,0.0004615954802291711,2016-05-23
1052820.6167093872,20160524,0.010847693298490446,2016-05-24
1059600.6182942372,20160525,0.0064398450004152785,2016-05-25
1058363.8279114757,20160526,-0.0011672231606966177,2016-05-26
1060370.3576052606,20160527,0.001895878941502005,2016-05-27
1054488.1282374826,20160531,-0.005547334783162383,2016-05-31
1053353.0269995714,20160601,-0.0010764476218508845,2016-06-01
1056497.5347492814,20160602,0.0029852363539193405,2016-06-02
1057369.8614139208,20160603,0.0008256778988571245,2016-06-03
1061840.632269522,20160606,0.004228199628862894,2016-06-06
1065405.0277273231,20160607,0.003356808309532111,2016-06-07
1068151.826882922,20160608,0.0025781736373615693,2016-06-08
1067403.9265993908,20160609,-0.0007001816265331806,2016-06-09
1062674.4718177842,20160610,-0.0044308013712053285,2016-06-10
1057210.7885067456,20160613,-0.0051414459045888705,2016-06-13
1051957.336622339,20160614,-0.004969162196903798,2016-06-14
1049802.523099406,20160615,-0.002048384899193567,2016-06-15
1053367.641006135,20160616,0.0033959890820260963,2016-06-16
1055187.0623163807,20160617,0.0017272424549779064,2016-06-17
1062757.611988141,20160620,0.007174604335217216,2016-06-20
1063397.624146666,20160621,0.0006022183716263285,2016-06-21
1059578.0130951323,20160622,-0.0035918935352132753,2016-06-22
1070738.8335494385,20160623,0.010533269203750528,2016-06-23
1034579.9823388592,20160624,-0.03377000074865566,2016-06-24
1016660.134152437,20160627,-0.017320892045399106,2016-06-27
1027924.0739193552,20160628,0.011079356206200153,2016-06-28
1044860.2446059964,20160629,0.016476091100839474,2016-06-29
1058168.0762535653,20160630,0.012736470467002103,2016-06-30
1059440.4628572173,20160701,0.0012024428181172109,2016-07-01
1059440.4628572173,20160705,0.0,2016-07-05
1054891.6289718156,20160706,-0.004293619174346008,2016-07-06
1054331.0552643314,20160707,-0.000531404072312669,2016-07-07
1069827.2185782078,20160708,0.014697625794576785,2016-07-08
1075061.8131656542,20160711,0.004892934575363661,2016-07-11
1083089.909313846,20160712,0.007467567027194422,2016-07-12
1083989.4631144835,20160713,0.0008305439769145107,2016-07-13
1090710.8541846895,20160714,0.006200605539923076,2016-07-14
1090946.0068268664,20160715,0.00021559576607743658,2016-07-15
1092739.4608774865,20160718,0.0016439439160114144,2016-07-18
1093867.6932755248,20160719,0.001032480695016158,2016-07-19
1098883.2659520858,20160720,0.004585173058308634,2016-07-20
1093275.0214777992,20160721,-0.005103585292499324,2016-07-21
1097391.4752179666,20160722,0.003765249968487483,2016-07-22
1094701.6737784732,20160725,-0.002451086508539868,2016-07-25
1094672.031062991,20160726,-2.7078350378295646e-05,2016-07-26
1091620.3720096915,20160727,-0.002787738214464097,2016-07-27
1091206.443923529,20160728,-0.00037918684624815846,2016-07-28
1089161.3416572616,20160729,-0.0018741662291821282,2016-07-29
1088510.43890124,20160801,-0.0005976183060547591,2016-08-01
1083510.3918627852,20160802,-0.0045934764240772585,2016-08-02
1085111.2499454329,20160803,0.0014774736769209706,2016-08-03
1086749.728683154,20160804,0.0015099638288733619,2016-08-04
1099427.5038592657,20160805,0.0116657725707221,2016-08-05
1096693.6419506369,20160808,-0.002486623173453717,2016-08-08
1096213.436225495,20160809,-0.00043786679048096744,2016-08-09
1094365.7875717464,20160810,-0.0016854825827627984,2016-08-10
1102112.4818457528,20160811,0.007078706554958458,2016-08-11
1097939.2051554169,20160812,-0.0037866159390071985,2016-08-12
1101049.649801418,20160815,0.002832984405143568,2016-08-15
1095714.747652158,20160816,-0.004845287540141574,2016-08-16
1095339.1766004385,20160817,-0.0003427635272083007,2016-08-17
1096313.9321315829,20160818,0.0008899120491332457,2016-08-18
1092225.8446203878,20160819,-0.0037289387568454346,2016-08-19
1091759.5191394794,20160822,-0.0004269496855482391,2016-08-22
1092347.221983195,20160823,0.000538307963807716,2016-08-23
1087277.6452942665,20160824,-0.004640993803897375,2016-08-24
1085793.1069840859,20160825,-0.0013653718685431304,2016-08-25
1083412.92659063,20160826,-0.0021921122708791208,2016-08-26
1090282.5666009565,20160829,0.00634074030475551,2016-08-29
1087957.13402369,20160830,-0.0021328714669962556,2016-08-30
1085519.3962569078,20160831,-0.002240656079680603,2016-08-31
1086316.5756619815,20160901,0.000734376011909621,2016-09-01
1090445.9556684992,20160902,0.0038012676037841864,2016-09-02
1095089.605984264,20160906,0.0042584873570539195,2016-09-06
1095707.015538585,20160907,0.0005637982051394097,2016-09-07
1091724.764019436,20160908,-0.0036344127240907076,2016-09-08
1069185.8470583546,20160909,-0.02064523742971547,2016-09-09
1083768.1682060384,20160912,0.01363871509130421,2016-09-12
1067026.4481596726,20160913,-0.015447694938372725,2016-09-13
1063926.3927793857,20160914,-0.0029053219680108544,2016-09-14
1074606.2723815618,20160915,0.010038175267253369,2016-09-15
1069001.251548205,20160916,-0.005215883228500862,2016-09-16
1069231.8312145264,20160919,0.00021569634833218387,2016-09-19
1068933.0868887606,20160920,-0.0002794008904752898,2016-09-20
1077377.7628266222,20160921,0.007900097809153683,2016-09-21
1082351.379500613,20160922,0.004616409253651144,2016-09-22
1073052.3192762455,20160923,-0.008591535429703145,2016-09-23
1063375.834256435,20160926,-0.009017719682426262,2016-09-26
1072014.13169944,20160927,0.008123466007712521,2016-09-27
1077079.5659200198,20160928,0.004725156199713032,2016-09-28
1066207.2315363528,20160929,-0.010094272259617232,2016-09-29
1074446.050991987,20160930,0.007727221511865556,2016-09-30
1074446.050991987,20161003,0.0,2016-10-03
1067445.85270689,20161004,-0.006515169634281781,2016-10-04
1073986.0619794866,20161005,0.006126970521278974,2016-10-05
1072743.7464774884,20161006,-0.0011567333562118032,2016-10-06
1071193.9251633924,20161007,-0.0014447264961320316,2016-10-07
1076235.9782533708,20161010,0.004706947053690014,2016-10-10
1063178.833277954,20161011,-0.012132232372130236,2016-10-11
1062647.5845627985,20161012,-0.0004996795445199043,2016-10-12
1059468.704232233,20161013,-0.0029914718451774513,2016-10-13
1061200.9450143608,20161014,0.0016350089202332718,2016-10-14
1059041.8169482693,20161017,-0.0020346081260438353,2016-10-17
1058123.363380903,20161018,-0.0008672495766153254,2016-10-18
1059495.7182203548,20161019,0.0012969705489414007,2016-10-19
1060801.7177358805,20161020,0.0012326614379523093,2016-10-20
1057828.3147840707,20161021,-0.0028029771276729676,2016-10-21
1061990.6042423155,20161024,0.003934749524164838,2016-10-24
1060404.1593545626,20161025,-0.0014938407942740595,2016-10-25
1061450.3088073344,20161026,0.0009865572890703778,2016-10-26
1063775.2214746494,20161027,0.0021903170106261083,2016-10-27
1059553.6860724043,20161028,-0.003968446826946304,2016-10-28
1061873.7090323423,20161031,0.002189622848218331,2016-10-31
1055913.4762844022,20161101,-0.005612939370512771,2016-11-01
1050319.3260065278,20161102,-0.0052979248807007995,2016-11-02
1048615.8748860543,20161103,-0.00162184116610542,2016-11-03
1046538.8180056296,20161104,-0.001980760476900545,2016-11-04
1069244.065187781,20161107,0.02169556139868778,2016-11-07
1070738.0362516118,20161108,0.0013972217498992023,2016-11-08
1083745.311475633,20161109,0.012147952891966352,2016-11-09
1100877.5414479577,20161110,0.01580835440847017,2016-11-10
1103165.7380180287,20161111,0.0020785205292328524,2016-11-11
1100992.1617348779,20161114,-0.0019703080038144805,2016-11-14
1104836.534193262,20161115,0.0034917346299054852,2016-11-15
1102206.3567365028,20161116,-0.0023806032615311112,2016-11-16
1102476.232468523,20161117,0.00024485045869204747,2016-11-17
1100461.3304534385,20161118,-0.001827614923337717,2016-11-18
1108847.1381240794,20161121,0.007620265645486679,2016-11-21
1110294.1696206073,20161122,0.0013049873573880433,2016-11-22
1111132.712799308,20161123,0.0007552441520854991,2016-11-23
1116070.9268197177,20161125,0.004444306214303584,2016-11-25
1116476.7760249574,20161128,0.00036364105137676184,2016-11-28
1117876.649441063,20161129,0.0012538312002239316,2016-11-29
1115297.700868486,20161130,-0.002307006389181132,2016-11-30
1111802.7672378223,20161201,-0.0031336329555258224,2016-12-01
1110903.4274674146,20161202,-0.0008089022593836814,2016-12-02
1110926.94544445,20161205,2.1170136353720892e-05,2016-12-05
1113084.0902515992,20161206,0.0019417521701088347,2016-12-06
1134477.2105029041,20161207,0.01921968020086351,2016-12-07
1137658.977711763,20161208,0.002804610951548714,2016-12-08
1143974.1057773642,20161209,0.005550985127637409,2016-12-09
1141851.5715110605,20161212,-0.0018554041176145342,2016-12-12
1152729.4181257905,20161213,0.009526497914553733,2016-12-13
1148303.7365968248,20161214,-0.00383930648370312,2016-12-14
1151444.8464439989,20161215,0.0027354346651202732,2016-12-15
1148628.880701866,20161216,-0.002445593248195377,2016-12-16
1148525.4768782498,20161219,-9.002370160937634e-05,2016-12-19
1153331.821806454,20161220,0.004184796092872256,2016-12-20
1151853.1622281312,20161221,-0.001282076459146797,2016-12-21
1150311.4451421634,20161222,-0.0013384666870085438,2016-12-22
1151091.7954140606,20161223,0.0006783817332189912,2016-12-23
1152008.8157110952,20161227,0.0007966526220479775,2016-12-27
1144966.6709941565,20161228,-0.006112926065233171,2016-12-28
1145153.1667325732,20161229,0.0001628831154139032,2016-12-29
1140682.717211626,20161230,-0.003903800514041822,2016-12-30
1140682.717211626,20170103,0.0,2017-01-03
1155611.9065801809,20170104,0.013087942109834882,2017-01-04
1154393.9347409757,20170105,-0.0010539626948025127,2017-01-05
1157656.5168757385,20170106,0.0028262294495637885,2017-01-06
1151141.270882136,20170109,-0.005627961229109468,2017-01-09
1145037.5412169995,20170110,-0.005302328931755751,2017-01-10
1153921.6448946043,20170111,0.007758788125114435,2017-01-11
1152789.7608408679,20170112,-0.0009809020038269445,2017-01-12
1150959.6526707485,20170113,-0.0015875472113704436,2017-01-13
1149419.4242266454,20170117,-0.001338212369590086,2017-01-17
1144020.0530097857,20170118,-0.004697476920135113,2017-01-18
1143053.976643163,20170119,-0.0008444575460727632,2017-01-19
1154693.0052850277,20170120,0.010182396351960055,2017-01-20
1155183.0330709838,20170123,0.00042437927978555834,2017-01-23
1170644.9184040679,20170124,0.013384792617650909,2017-01-24
1183321.0043142305,20170125,0.010828292773391812,2017-01-25
1184972.5124567358,20170126,0.0013956552249847487,2017-01-26
1182536.3307050208,20170127,-0.0020558972685907895,2017-01-27
1173531.4530176392,20170130,-0.007614884594719373,2017-01-30
1167378.5830397876,20170131,-0.005243037979109966,2017-01-31
1168115.9714172727,20170201,0.0006316617318480322,2017-02-01
1167506.217400284,20170202,-0.0005219978426019845,2017-02-02
1175909.453599913,20170203,0.00719759438912515,2017-02-03
1175048.1409153896,20170206,-0.0007324651416710237,2017-02-06
1182254.828046597,20170207,0.006133099470795544,2017-02-07
1175519.7069492068,20170208,-0.005696843808638552,2017-02-08
1180072.295409925,20170209,0.0038728304032720207,2017-02-09
1187042.2808355023,20170210,0.005906405440317508,2017-02-10
1194127.5983338556,20170213,0.005968883849163609,2017-02-13
1199796.2178317308,20170214,0.004747080216372712,2017-02-14
1207019.3304382735,20170215,0.00602028286069789,2017-02-15
1205773.8317648538,20170216,-0.001031879641038902,2017-02-16
1199947.1576491096,20170217,-0.00483231097096859,2017-02-17
1203708.276073345,20170221,0.003134403377898831,2017-02-21
1205057.758470795,20170222,0.0011211041946574962,2017-02-22
1208420.4711245366,20170223,0.0027904991525127265,2017-02-23
1208360.825618398,20170224,-4.935823876206502e-05,2017-02-24
1206366.508460567,20170227,-0.0016504318209837887,2017-02-27
1206308.6392318206,20170228,-4.796985687238742e-05,2017-02-28
1221958.8118727957,20170301,0.012973605702551572,2017-03-01
1213925.9308018317,20170302,-0.006573774003603816,2017-03-02
1213375.909601868,20170303,-0.0004530928831880665,2017-03-03
1213461.5948949296,20170306,7.061726904544763e-05,2017-03-06
1212517.733172247,20170307,-0.0007778257891749574,2017-03-07
1206229.7712096695,20170308,-0.005185872165454075,2017-03-08
1199739.9925230562,20170309,-0.005380217634742168,2017-03-09
1204001.2157923344,20170310,0.0035517889674718806,2017-03-10
1199539.043809693,20170313,-0.003706119166752564,2017-03-13
1195132.6657408508,20170314,-0.0036733927849882386,2017-03-14
1201744.8537294352,20170315,0.005532597491580971,2017-03-15
1204048.2092099565,20170316,0.0019166759677589074,2017-03-16
1198131.5034477205,20170317,-0.0049140106824445695,2017-03-17
1198293.7269907615,20170320,0.0001353971100619411,2017-03-20
1183972.174319986,20170321,-0.011951621166156556,2017-03-21
1186582.3233813816,20170322,0.002204569598854622,2017-03-22
1185129.8640590734,20170323,-0.001224069576705955,2017-03-23
1180730.4327112432,20170324,-0.003712193474529557,2017-03-24
1180264.2618038948,20170327,-0.0003948156958044624,2017-03-27
1188672.799053642,20170328,0.007124283537057741,2017-03-28
1184445.8894489363,20170329,-0.0035559908564164466,2017-03-29
1186623.1067351643,20170330,0.001838173702676249,2017-03-30
1184981.7680056845,20170331,-0.001383201389020483,2017-03-31
1186755.656985887,20170403,0.0014969757578533471,2017-04-03
1189243.4512303814,20170404,0.002096298618717185,2017-04-04
1185617.7970799392,20170405,-0.003048706424820913,2017-04-05
1185198.5561354288,20170406,-0.0003536054751732687,2017-04-06
1186682.2362497242,20170407,0.001251840973493179,2017-04-07
1186349.1208864995,20170410,-0.0002807115106714386,2017-04-10
1186416.481703932,20170411,5.677992780239727e-05,2017-04-11
1183763.5715186587,20170412,-0.002236069901408566,2017-04-12
1175659.1937831051,20170413,-0.00684628073590432,2017-04-13
1185907.1472485512,20170417,0.008716772275194629,2017-04-17
1183306.7040702943,20170418,-0.002192788182692307,2017-04-18
1179676.4287698518,20170419,-0.003067907321031127,2017-04-19
1188687.4423504905,20170420,0.0076385467750976765,2017-04-20
1185789.6266870794,20170421,-0.00243782811205695,2017-04-21
1197765.8177748052,20170424,0.010099760377551448,2017-04-24
1205356.2375990823,20170425,0.006337148473963383,2017-04-25
1207909.4772492808,20170426,0.0021182448562129252,2017-04-26
1206676.6597880302,20170427,-0.0010206207372907006,2017-04-27
1201050.8238467262,20170428,-0.004662256368074824,2017-04-28
1202869.9510543593,20170501,0.0015146130134666702,2017-05-01
1201674.4415164737,20170502,-0.0009938809568214024,2017-05-02
1201540.7707352294,20170503,-0.00011123710102012296,2017-05-03
1201323.868550647,20170504,-0.00018052003715995912,2017-05-04
1201217.5339495004,20170505,-8.851451630187412e-05,2017-05-05
1200671.2367216174,20170508,-0.00045478625847794607,2017-05-08
1200428.6184714313,20170509,-0.00020206884513074286,2017-05-09
1200428.6184714313,20170510,0.0,2017-05-10
1200428.6184714313,20170511,0.0,2017-05-11
1200357.578607997,20170512,-5.9178748608057496e-05,2017-05-12
1200255.901186454,20170515,-8.470594375775686e-05,2017-05-15
1200255.901186454,20170516,0.0,2017-05-16
1200255.901186454,20170517,0.0,2017-05-17
1200255.901186454,20170518,0.0,2017-05-18
1200255.901186454,20170519,0.0,2017-05-19
1200255.901186454,20170522,0.0,2017-05-22
1200167.8592238906,20170523,-7.335265960906057e-05,2017-05-23
1200547.3380359136,20170524,0.0003161881141096057,2017-05-24
1200400.7596607225,20170525,-0.00012209295755971628,2017-05-25
1200255.8257771404,20170526,-0.0001207379139138709,2017-05-26
1199978.2607225124,20170530,-0.00023125491138387133,2017-05-30
1199297.2972944777,20170531,-0.000567479803862958,2017-05-31
1201193.5796601041,20170601,0.0015811612099054795,2017-06-01
1201469.52088746,20170602,0.00022972252934794213,2017-06-02
1201217.2195735676,20170605,-0.00020999393618081896,2017-06-05
1200144.2658427523,20170606,-0.0008932220695239135,2017-06-06
1201148.1236153971,20170607,0.0008364475848576802,2017-06-07
1200500.6182972495,20170608,-0.0005390719973807911,2017-06-08
1203033.0545834443,20170609,0.002109483533450085,2017-06-09
1202070.0306182923,20170612,-0.0008004966791917978,2017-06-12
1205891.0659967682,20170613,0.003178712788064919,2017-06-13
1205789.2029338982,20170614,-8.447119789034563e-05,2017-06-14
1204713.7532972335,20170615,-0.0008919051804808786,2017-06-15
1203735.904489609,20170616,-0.0008116856016197049,2017-06-16
1207300.406989146,20170619,0.002961199783309887,2017-06-19
1204827.8815190238,20170620,-0.002047978660330574,2017-06-20
1201656.2354001612,20170621,-0.0026324474786090235,2017-06-21
1200770.3083609408,20170622,-0.0007372549761915925,2017-06-22
1200758.9558080442,20170623,-9.45439174970808e-06,2017-06-23
1200825.6238135071,20170626,5.552155587973395e-05,2017-06-26
1195152.7618298782,20170627,-0.0047241346879436374,2017-06-27
1200673.129427084,20170628,0.0046189640132310306,2017-06-28
1191924.354531003,20170629,-0.007286558415990907,2017-06-29
1197412.7359638796,20170630,0.004604639054494486,2017-06-30
1203306.969889833,20170703,0.004922474723144221,2017-07-03
1203306.969889833,20170705,0.0,2017-07-05
1195930.775514277,20170706,-0.006129935718922397,2017-07-06
1202869.397668723,20170707,0.005801859352153826,2017-07-07
1204267.7584683106,20170710,0.0011625208873862203,2017-07-10
1203859.0694490254,20170711,-0.0003393672349120136,2017-07-11
1212430.925290863,20170712,0.007120315042989711,2017-07-12
1211464.8104374444,20170713,-0.0007968411505067108,2017-07-13
1216367.7431132451,20170714,0.004047111095228928,2017-07-14
1215666.360436005,20170717,-0.0005766205830524118,2017-07-17
1211908.2533397085,20170718,-0.003091396799816515,2017-07-18
1217698.3600623528,20170719,0.004777677441083705,2017-07-19
1216076.659493716,20170720,-0.0013317752752445289,2017-07-20
1213398.5622825718,20170721,-0.0022022437403405037,2017-07-21
1208566.0648088786,20170724,-0.003982613482418018,2017-07-24
1207545.2503820444,20170725,-0.0008446492554758933,2017-07-25
1211556.364632172,20170726,0.0033217092683348604,2017-07-26
1219266.4911269736,20170727,0.006363819893053346,2017-07-27
1218047.2305191574,20170728,-0.000999995174713053,2017-07-28
1218257.81963466,20170731,0.00017289076336779452,2017-07-31
1218083.0480708359,20170801,-0.00014346024380651468,2017-08-01
1218351.2782147492,20170802,0.00022020677846068537,2017-08-02
1217840.6632705776,20170803,-0.0004191032203124667,2017-08-03
1218322.5451717717,20170804,0.0003956855077411614,2017-08-04
1218878.6752097157,20170807,0.00045647192539277626,2017-08-07
1217312.045358865,20170808,-0.0012853041756442085,2017-08-08
1215615.0963485294,20170809,-0.00139401315940757,2017-08-09
1211103.018168578,20170810,-0.0037117655033283015,2017-08-10
1212080.3755843104,20170811,0.00080699775417159,2017-08-11
1216666.5891996995,20170814,0.0037837537078992955,2017-08-14
1216904.9387718707,20170815,0.00019590377042244533,2017-08-15
1218666.9986439566,20170816,0.0014479848145445562,2017-08-16
1208398.2303705332,20170817,-0.008426229876455027,2017-08-17
1205875.7057124171,20170818,-0.0020874944986823962,2017-08-18
1207863.9274196078,20170821,0.0016487783092171693,2017-08-21
1216759.1633281438,20170822,0.007364435435653016,2017-08-22
1209781.31189082,20170823,-0.005734784374450519,2017-08-23
1207249.6410028792,20170824,-0.0020926682062759605,2017-08-24
1208765.717468127,20170825,0.0012558102431807772,2017-08-25
1207967.7705098551,20170828,-0.0006601336774698652,2017-08-28
1211921.9928658118,20170829,0.0032734502132352183,2017-08-29
1216020.8910321065,20170830,0.0033821468629362528,2017-08-30
1219827.0257167483,20170831,0.0031299911972821892,2017-08-31
1220201.0878494612,20170901,0.00030665178326660936,2017-09-01
1203452.4780058423,20170905,-0.013726106303623697,2017-09-05
1206544.7318384235,20170906,0.0025694856166693647,2017-09-06
1208781.841223187,20170907,0.0018541454168505833,2017-09-07
1212649.1288592308,20170908,0.003199326383105161,2017-09-08
1229798.5641822258,20170911,0.01414212480334509,2017-09-11
1236804.6247795585,20170912,0.005696917203665386,2017-09-12
1237674.5978581272,20170913,0.0007034038045610203,2017-09-13
1243168.1218284392,20170914,0.004438585052823241,2017-09-14
1247842.8348774791,20170915,0.0037603224913493882,2017-09-15
1253492.4526956268,20170918,0.004527507519568541,2017-09-18
1255496.863891477,20170919,0.00159906124008935,2017-09-19
1256127.503459181,20170920,0.0005023027821424719,2017-09-20
1253558.3189863542,20170921,-0.002045321407063927,2017-09-21
1253455.4491814994,20170922,-8.206224097973003e-05,2017-09-22
1251132.7230664652,20170925,-0.001853058372797367,2017-09-25
1247396.9210735764,20170926,-0.002985935803623274,2017-09-26
1246849.7046355512,20170927,-0.00043868669930202664,2017-09-27
1251443.3291355306,20170928,0.0036841846157569247,2017-09-28
1252073.1069801087,20170929,0.0005032412015117949,2017-09-29
1261665.286726313,20171002,0.007661038075755577,2017-10-02
1261665.286726313,20171003,0.0,2017-10-03
1270783.5603088106,20171004,0.007227173227660977,2017-10-04
1274381.0512011505,20171005,0.0028309233804266754,2017-10-05
1275350.1922723774,20171006,0.000760479819056803,2017-10-06
1275961.6035981157,20171009,0.00047940662058398864,2017-10-09
1278854.8195976543,20171010,0.00226747888916079,2017-10-10
1282771.2538918902,20171011,0.0030624541849622045,2017-10-11
1284533.587151974,20171012,0.0013738484197685086,2017-10-12
1286886.1083719041,20171013,0.0018314205587617316,2017-10-13
1286863.7108280442,20171016,-1.7404449169311498e-05,2017-10-16
1288803.1878192488,20171017,0.0015071347298747373,2017-10-17
1294305.4358742742,20171018,0.004269269433089917,2017-10-18
1295962.7517682973,20171019,0.0012804673828041846,2017-10-19
1300587.2401179192,20171020,0.003568380606087551,2017-10-20
1298890.4337311313,20171023,-0.0013046463431657385,2017-10-23
1313058.876745337,20171024,0.01090811252917323,2017-10-24
1309795.7451280754,20171025,-0.0024851373194703097,2017-10-25
1313625.7298174764,20171026,0.0029241083609006235,2017-10-26
1311800.5332848688,20171027,-0.0013894342133974336,2017-10-27
1302417.0885773755,20171030,-0.007153103287735552,2017-10-30
1303131.121864472,20171031,0.000548237038164423,2017-10-31
1308668.249678826,20171101,0.004249094907987194,2017-11-01
1310383.960485436,20171102,0.0013110357090355684,2017-11-02
1309518.2919004485,20171103,-0.0006606220856570921,2017-11-03
1308313.92408111,20171106,-0.0009197029371699195,2017-11-06
1312472.9458061447,20171107,0.003178917267853576,2017-11-07
1310796.1251305495,20171108,-0.0012776039924885518,2017-11-08
1301431.2775788824,20171109,-0.0071443967312112555,2017-11-09
1299262.3575299138,20171110,-0.0016665651781503366,2017-11-10
1301877.0603264766,20171113,0.00201245174341369,2017-11-13
1299105.051677873,20171114,-0.002129239951358053,2017-11-14
1291958.7974017505,20171115,-0.0055009056172112825,2017-11-15
1305123.1765269395,20171116,0.010189472877667471,2017-11-16
1299978.9864189706,20171117,-0.003941536094438258,2017-11-17
1303479.621617231,20171120,0.0026928398342065396,2017-11-20
1312820.1968615442,20171121,0.0071658774632197275,2017-11-21
1307536.5382164468,20171122,-0.0040246628271933815,2017-11-22
1310392.5315873409,20171124,0.002184255114422884,2017-11-24
1309524.5309883645,20171127,-0.000662397394714187,2017-11-27
1324420.773895275,20171128,0.011375306498204951,2017-11-28
1325686.0883524842,20171129,0.0009553719498733848,2017-11-29
1341005.1419740557,20171130,0.01155556640155253,2017-11-30
1336055.4242299043,20171201,-0.0036910505330837173,2017-12-01
1336292.8727007143,20171204,0.0001777235184288184,2017-12-04
1332258.2522508276,20171205,-0.003019263615267609,2017-12-05
1331246.877651737,20171206,-0.000759143054570588,2017-12-06
1335038.674547028,20171207,0.0028483048177956327,2017-12-07
1340558.9005976778,20171208,0.004134881000749102,2017-12-08
1343520.7769883974,20171211,0.0022094339826463916,2017-12-11
1347750.870700512,20171212,0.0031485138038556126,2017-12-12
1351213.0749040565,20171213,0.002568875508679902,2017-12-13
1346229.736127097,20171214,-0.003688048072886918,2017-12-14
1354847.9453621078,20171215,0.00640173738830363,2017-12-15
1360230.1745351057,20171218,0.003972570642648332,2017-12-18
1357664.4148941694,20171219,-0.0018862687278741186,2017-12-19
1354591.2868418868,20171220,-0.0022635402523399906,2017-12-20
1357034.8955511756,20171221,0.0018039453915179582,2017-12-21
1355648.1549079116,20171222,-0.0010218901870616692,2017-12-22
1353828.0540773543,20171226,-0.0013426056192883395,2017-12-26
1356074.343698353,20171227,0.0016592133795969577,2017-12-27
1359160.8116185141,20171228,0.0022760314982019914,2017-12-28
1353078.8136493606,20171229,-0.004474818518281909,2017-12-29
1361552.4664736546,20180102,0.006262497600889816,2018-01-02
1361552.4664736546,20180103,0.0,2018-01-03
1375038.1155738414,20180104,0.009904612148449843,2018-01-04
1387370.624428422,20180105,0.008968848728555967,2018-01-05
1385983.3061271722,20180108,-0.0009999622860843438,2018-01-08
1385983.3061271722,20180109,0.0,2018-01-09
1385983.3061271722,20180110,0.0,2018-01-10
1385983.3061271722,20180111,0.0,2018-01-11
1385983.3061271722,20180112,0.0,2018-01-12
1385983.3061271722,20180116,0.0,2018-01-16
1385983.3061271722,20180117,0.0,2018-01-17
1385983.3061271722,20180118,0.0,2018-01-18
1385983.3061271722,20180119,0.0,2018-01-19
1385983.3061271722,20180122,0.0,2018-01-22
1385983.3061271722,20180123,0.0,2018-01-23
1385983.3061271722,20180124,0.0,2018-01-24
1385983.3061271722,20180125,0.0,2018-01-25
1385983.3061271722,20180126,0.0,2018-01-26
1385983.3061271722,20180129,0.0,2018-01-29
1385983.3061271722,20180130,0.0,2018-01-30
1385983.3061271722,20180131,0.0,2018-01-31
1385983.3061271722,20180201,0.0,2018-02-01
1385983.3061271722,20180202,0.0,2018-02-02
1385983.3061271722,20180205,0.0,2018-02-05
1385983.3061271722,20180206,0.0,2018-02-06
1385983.3061271722,20180207,0.0,2018-02-07
1385983.3061271722,20180208,0.0,2018-02-08
1385983.3061271722,20180209,0.0,2018-02-09
1385983.3061271722,20180212,0.0,2018-02-12
1385983.3061271722,20180213,0.0,2018-02-13
1385983.3061271722,20180214,0.0,2018-02-14
1385983.3061271722,20180215,0.0,2018-02-15
1385983.3061271722,20180216,0.0,2018-02-16
1385983.3061271722,20180220,0.0,2018-02-20
1385983.3061271722,20180221,0.0,2018-02-21
1385983.3061271722,20180222,0.0,2018-02-22
1385983.3061271722,20180223,0.0,2018-02-23
1385983.3061271722,20180226,0.0,2018-02-26
1385983.3061271722,20180227,0.0,2018-02-27
1385983.3061271722,20180228,0.0,2018-02-28
1385983.3061271722,20180301,0.0,2018-03-01
1385983.3061271722,20180302,0.0,2018-03-02
1385983.3061271722,20180305,0.0,2018-03-05
1385983.3061271722,20180306,0.0,2018-03-06
1385983.3061271722,20180307,0.0,2018-03-07
1385983.3061271722,20180308,0.0,2018-03-08
1385983.3061271722,20180309,0.0,2018-03-09
1385983.3061271722,20180312,0.0,2018-03-12
1385983.3061271722,20180313,0.0,2018-03-13
1385983.3061271722,20180314,0.0,2018-03-14
1385983.3061271722,20180315,0.0,2018-03-15
1385983.3061271722,20180316,0.0,2018-03-16
1384916.7966957935,20180319,-0.0007694965925374442,2018-03-19
1385094.855654393,20180320,0.00012857014878031592,2018-03-20
1385044.3006376484,20180321,-3.649931738480827e-05,2018-03-21
1376184.7697153187,20180322,-0.0063965686283471435,2018-03-22
1369337.7386370988,20180323,-0.00497537193325881,2018-03-23
1380920.5425596905,20180326,0.00845869035503255,2018-03-26
1374604.029176348,20180327,-0.004574132391161556,2018-03-27
1374221.73267303,20180328,-0.00027811391149989984,2018-03-28
1379695.218184335,20180329,0.003982971147354908,2018-03-29
1368309.988727816,20180402,-0.008251988777276398,2018-04-02
1377066.480837709,20180403,0.006399494399682348,2018-04-03
1384264.7250872406,20180404,0.005227230747169687,2018-04-04
1384264.7250872406,20180405,0.0,2018-04-05
1374670.78060733,20180406,-0.006930715134206733,2018-04-06
1373909.3618609812,20180409,-0.0005538917078111716,2018-04-09
1385769.9725786732,20180410,0.008632746123533597,2018-04-10
1380396.6633831721,20180411,-0.003877489988834304,2018-04-11
1389729.3126751804,20180412,0.006760846023153411,2018-04-12
1383677.4074447309,20180413,-0.0043547366924281405,2018-04-13
1390433.9632161462,20180416,0.004883042633393009,2018-04-16
1396577.5130480158,20180417,0.004418440569201376,2018-04-17
1395388.4985328764,20180418,-0.000851377387957819,2018-04-18
1394101.4486480528,20180419,-0.0009223595336903534,2018-04-19
1393347.1814735741,20180420,-0.0005410418124234262,2018-04-20
1393347.1814735741,20180423,0.0,2018-04-23
1393347.1814735741,20180424,0.0,2018-04-24
1393347.1814735741,20180425,0.0,2018-04-25
1393347.1814735741,20180426,0.0,2018-04-26
1393347.1814735741,20180427,0.0,2018-04-27
1393347.1814735741,20180430,0.0,2018-04-30
1393347.1814735741,20180501,0.0,2018-05-01
1393347.1814735741,20180502,0.0,2018-05-02
1393347.1814735741,20180503,0.0,2018-05-03
1393347.1814735741,20180504,0.0,2018-05-04
1393347.1814735741,20180507,0.0,2018-05-07
1393347.1814735741,20180508,0.0,2018-05-08
1393347.1814735741,20180509,0.0,2018-05-09
1393347.1814735741,20180510,0.0,2018-05-10
1393347.1814735741,20180511,0.0,2018-05-11
1393347.1814735741,20180514,0.0,2018-05-14
1393347.1814735741,20180515,0.0,2018-05-15
1394236.575463552,20180516,0.0006383147013204749,2018-05-16
1394059.0516924271,20180517,-0.00012732686421301764,2018-05-17
1394005.8225743193,20180518,-3.8182828799970814e-05,2018-05-18
1397880.7045290251,20180521,0.002779674153404965,2018-05-21
1393870.386274869,20180522,-0.0028688558624229143,2018-05-22
1396060.2393075095,20180523,0.001571059299489752,2018-05-23
1394072.9261069552,20180524,-0.0014235153645949516,2018-05-24
1391462.9819510523,20180525,-0.0018721718979158863,2018-05-25
1384130.3660425094,20180529,-0.005269716840229144,2018-05-29
1391028.4179059342,20180530,0.004983672082238488,2018-05-30
1385294.2673597913,20180531,-0.004122238246415555,2018-05-31
1391679.469508513,20180601,0.004609274938306873,2018-06-01
1395969.120261765,20180604,0.0030823554182106694,2018-06-04
1395797.306414015,20180605,-0.00012307854468729396,2018-06-05
1406765.6808264952,20180606,0.007858142698855985,2018-06-06
1407290.0348263918,20180607,0.0003727372703523635,2018-06-07
1409971.6245369269,20180608,0.001905498969063446,2018-06-08
1409269.458652314,20180611,-0.0004980000110593741,2018-06-11
1408509.4571928186,20180612,-0.0005392875399585773,2018-06-12
1402262.790122141,20180613,-0.004434948618042944,2018-06-13
1403017.0144264593,20180614,0.0005378623105678493,2018-06-14
1398346.679774805,20180615,-0.003328779767908574,2018-06-15
1393114.5788540002,20180618,-0.003741633599507188,2018-06-18
1379406.9372272345,20180619,-0.009839565126108951,2018-06-19
1380012.259649105,20180620,0.00043882802495343043,2018-06-20
1368748.700062513,20180621,-0.00816192719147002,2018-06-21
1376821.395102499,20180622,0.0058978649912999614,2018-06-22
1359566.1920616007,20180625,-0.012532637204997643,2018-06-25
1361938.2420357906,20180626,0.0017447109144372863,2018-06-26
1354300.5383587526,20180627,-0.005607966236135131,2018-06-27
1357842.0835092145,20180628,0.0026150363602113202,2018-06-28
1361407.9057892815,20180629,0.002626094980685556,2018-06-29
1360124.7180302737,20180702,-0.0009425446653799074,2018-07-02
1360124.7180302737,20180703,0.0,2018-07-03
1360124.7180302737,20180705,0.0,2018-07-05
1360554.1051733932,20180706,0.0003156968897244372,2018-07-06
1362678.6156308705,20180709,0.0015615038383252067,2018-07-09
1364322.2155154229,20180710,0.0012061537223078123,2018-07-10
1362429.5379280169,20180711,-0.0013872658275897454,2018-07-11
1366552.3746569543,20180712,0.003026091709085632,2018-07-12
1367980.6035045942,20180713,0.0010451329009606436,2018-07-13
1368656.9505776172,20180716,0.0004944127652761754,2018-07-16
1371606.696012439,20180717,0.002155211671980295,2018-07-17
1372465.409865446,20180718,0.0006260642030280206,2018-07-18
1366399.4800537813,20180719,-0.0044197323794552545,2018-07-19
1367088.0626845502,20180720,0.0005039394707189171,2018-07-20
1366715.4108825228,20180723,-0.0002725880008750403,2018-07-23
1371392.7219420848,20180724,0.003422300665024247,2018-07-24
1376581.0600847406,20180725,0.0037832621244398013,2018-07-25
1378831.63576151,20180726,0.0016349023984325584,2018-07-26
1379030.4405518977,20180727,0.00014418351394862583,2018-07-27
1372556.9279889432,20180730,-0.004694249214951207,2018-07-30
1372136.4822281871,20180731,-0.00030632300357269493,2018-07-31
1367828.0297984965,20180801,-0.0031399590969946045,2018-08-01
1366845.0307745496,20180802,-0.0007186568797626913,2018-08-02
1366845.0307745496,20180803,0.0,2018-08-03
1366845.0307745496,20180806,0.0,2018-08-06
1366845.0307745496,20180807,0.0,2018-08-07
1366845.0307745496,20180808,0.0,2018-08-08
1366845.0307745496,20180809,0.0,2018-08-09
1366845.0307745496,20180810,0.0,2018-08-10
1366845.0307745496,20180813,0.0,2018-08-13
1366845.0307745496,20180814,0.0,2018-08-14
1366845.0307745496,20180815,0.0,2018-08-15
1366845.0307745496,20180816,0.0,2018-08-16
1366845.0307745496,20180817,0.0,2018-08-17
1366845.0307745496,20180820,0.0,2018-08-20
1366845.0307745496,20180821,0.0,2018-08-21
1366845.0307745496,20180822,0.0,2018-08-22
1366171.556686803,20180823,-0.0004927216126066059,2018-08-23
1367229.160725818,20180824,0.0007741370648792767,2018-08-24
1370554.388474138,20180827,0.002432092471283065,2018-08-27
1369847.8701407956,20180828,-0.0005154982095449956,2018-08-28
1369946.1897578137,20180829,7.177411387138122e-05,2018-08-29
1365844.7210344432,20180830,-0.0029938903834577646,2018-08-30
1365237.9620225038,20180831,-0.00044423718347708085,2018-08-31
1365237.9620225038,20180904,0.0,2018-09-04
1365128.8586448398,20180905,-7.991528268258552e-05,2018-09-05
1365266.427275057,20180906,0.00010077336607894338,2018-09-06
1364183.0160749373,20180907,-0.0007935529494283999,2018-09-07
1364479.584937544,20180910,0.00021739668293196956,2018-09-10
1365894.0997425546,20180911,0.0010366698194868018,2018-09-11
1365554.653581802,20180912,-0.000248515723742071,2018-09-12
1365554.653581802,20180913,0.0,2018-09-13
1365554.653581802,20180914,0.0,2018-09-14
1365554.653581802,20180917,0.0,2018-09-17
1366565.9668064013,20180918,0.0007405878790325282,2018-09-18
1366431.9026094736,20180919,-9.810298235435333e-05,2018-09-19
1367414.4749228435,20180920,0.0007190788735929043,2018-09-20
1367591.7318279443,20180921,0.00012962924435244716,2018-09-21
1366002.392503044,20180924,-0.001162144584462954,2018-09-24
1365209.7908538792,20180925,-0.0005802344516487867,2018-09-25
1362779.1470837805,20180926,-0.0017804177690363687,2018-09-26
1362628.9933264707,20180927,-0.0001101820185839264,2018-09-27
1362143.6443937023,20180928,-0.00035618567867368167,2018-09-28
1362143.6443937023,20181001,0.0,2018-10-01
1362143.6443937023,20181002,0.0,2018-10-02
1362143.6443937023,20181003,0.0,2018-10-03
1360290.914208575,20181004,-0.001360157713727772,2018-10-04
1360107.6269129547,20181005,-0.00013474124814460975,2018-10-05
1360107.6269129547,20181008,0.0,2018-10-08
1360107.6269129547,20181009,0.0,2018-10-09
1360107.6269129547,20181010,0.0,2018-10-10
1360107.6269129547,20181011,0.0,2018-10-11
1361733.420485282,20181012,0.001195341853951204,2018-10-12
1360585.8395473673,20181015,-0.0008427353846582886,2018-10-15
1365727.7918349493,20181016,0.0037792193172410116,2018-10-16
1363602.9841689551,20181017,-0.001555806126738668,2018-10-17
1363293.6972185588,20181018,-0.00022681598235496647,2018-10-18
1363293.6972185588,20181019,0.0,2018-10-19
1363293.6972185588,20181022,0.0,2018-10-22
1363293.6972185588,20181023,0.0,2018-10-23
1363293.6972185588,20181024,0.0,2018-10-24
1363293.6972185588,20181025,0.0,2018-10-25
1363293.6972185588,20181026,0.0,2018-10-26
1363293.6972185588,20181029,0.0,2018-10-29
1363293.6972185588,20181030,0.0,2018-10-30
1363293.6972185588,20181031,0.0,2018-10-31
1363293.6972185588,20181101,0.0,2018-11-01
1363293.6972185588,20181102,0.0,2018-11-02
1363293.6972185588,20181105,0.0,2018-11-05
1363293.6972185588,20181106,0.0,2018-11-06
1363293.6972185588,20181107,0.0,2018-11-07
1363293.6972185588,20181108,0.0,2018-11-08
1363293.6972185588,20181109,0.0,2018-11-09
1363293.6972185588,20181112,0.0,2018-11-12
1363293.6972185588,20181113,0.0,2018-11-13
1363293.6972185588,20181114,0.0,2018-11-14
1363293.6972185588,20181115,0.0,2018-11-15
1363293.6972185588,20181116,0.0,2018-11-16
1363293.6972185588,20181119,0.0,2018-11-19
1363293.6972185588,20181120,0.0,2018-11-20
1363293.6972185588,20181121,0.0,2018-11-21
1363293.6972185588,20181123,0.0,2018-11-23
1363293.6972185588,20181126,0.0,2018-11-26
1363293.6972185588,20181127,0.0,2018-11-27
1363293.6972185588,20181128,0.0,2018-11-28
1363293.6972185588,20181129,0.0,2018-11-29
1363293.6972185588,20181130,0.0,2018-11-30
1363293.6972185588,20181203,0.0,2018-12-03
1363293.6972185588,20181204,0.0,2018-12-04
1363293.6972185588,20181206,0.0,2018-12-06
1363293.6972185588,20181207,0.0,2018-12-07
1363293.6972185588,20181210,0.0,2018-12-10
1363293.6972185588,20181211,0.0,2018-12-11
1363293.6972185588,20181212,0.0,2018-12-12
1363293.6972185588,20181213,0.0,2018-12-13
1363293.6972185588,20181214,0.0,2018-12-14
1363293.6972185588,20181217,0.0,2018-12-17
1363293.6972185588,20181218,0.0,2018-12-18
1363293.6972185588,20181219,0.0,2018-12-19
1363293.6972185588,20181220,0.0,2018-12-20
1363293.6972185588,20181221,0.0,2018-12-21
1363293.6972185588,20181224,0.0,2018-12-24
1367182.4211958223,20181226,0.002852447704553729,2018-12-26
1367088.4372941304,20181227,-6.87427663161877e-05,2018-12-27
1367088.4372941304,20181228,0.0,2018-12-28
1367088.4372941304,20181231,0.0,2018-12-31
1367088.4372941304,20190102,0.0,2019-01-02
1367088.4372941304,20190103,0.0,2019-01-03
1292032.6662253682,20190104,-0.05490191345434803,2019-01-04
1292383.1709010662,20190107,0.0002712815897465415,2019-01-07
1293209.2151743786,20190108,0.0006391635947537999,2019-01-08
1294239.827915643,20190109,0.000796942002246448,2019-01-09
1295222.0928036622,20190110,0.0007589512135481868,2019-01-10
1295130.4789455705,20190111,-7.073216138042682e-05,2019-01-11
1293956.4396298265,20190114,-0.0009065027306746076,2019-01-14
1298095.9991307906,20190115,0.0031991490394749356,2019-01-15
1301671.4544572898,20190116,0.0027543843667134915,2019-01-16
1303709.6529611943,20190117,0.0015658317595619309,2019-01-17
1312663.107332658,20190118,0.006867675138499729,2019-01-18
1307349.8881025994,20190122,-0.004047664020096597,2019-01-22
1311898.0083398512,20190123,0.00347888524613138,2019-01-23
1311875.6943460093,20190124,-1.7008939490748e-05,2019-01-24
1313900.9927926343,20190125,0.001543818865883173,2019-01-25
1305876.165607567,20190128,-0.006107634615612034,2019-01-28
1307102.7133461214,20190129,0.0009392527184870492,2019-01-29
1317571.7834349778,20190130,0.008009370634734614,2019-01-30
1315606.8671697064,20190131,-0.0014913162910552558,2019-01-31
1316298.5329927518,20190201,0.0005257389880712893,2019-02-01
1321232.0757095916,20190204,0.0037480424031339776,2019-02-04
1323921.8756284872,20190205,0.0020358269893281378,2019-02-05
1323189.8401739306,20190206,-0.0005529294953368069,2019-02-06
1316975.5166095858,20190207,-0.004696471644256239,2019-02-07
1314700.7487908208,20190208,-0.001727266596892485,2019-02-08
1311887.2954374705,20190211,-0.00213999524677988,2019-02-11
1322080.1926231221,20190212,0.007769643948150717,2019-02-12
1325511.4313687915,20190213,0.0025953332973407406,2019-02-13
1321358.6227107982,20190214,-0.0031329859250666114,2019-02-14
1335886.6371888018,20190215,0.010994755116668475,2019-02-15
1336188.532472563,20190219,0.00022598869945777977,2019-02-19
1339831.4667875608,20190220,0.00272636250533953,2019-02-20
1336475.7308381435,20190221,-0.00250459556489091,2019-02-21
1344462.543101435,20190222,0.005976024913136868,2019-02-22
1346861.940888269,20190225,0.0017846520151458822,2019-02-25
1345182.312742321,20190226,-0.0012470677914028228,2019-02-26
1341574.6638618638,20190227,-0.0026819032976300727,2019-02-27
1336362.8824116928,20190228,-0.0038848239986646327,2019-02-28
1343041.0231772263,20190301,0.0049972510112534785,2019-03-01
1333416.792188245,20190304,-0.007165999267999434,2019-03-04
1334900.0174730509,20190305,0.0011123493370528426,2019-03-05
1329675.2185040268,20190306,-0.003914000225211267,2019-03-06
1320747.33442448,20190307,-0.006714334414377632,2019-03-07
1319163.1753859941,20190308,-0.001199441405025592,2019-03-08
1331633.3912829608,20190311,0.009453126140606338,2019-03-11
1331697.0674637149,20190312,4.7818101566843296e-05,2019-03-12
1338723.8972256798,20190313,0.005276597759089396,2019-03-13
1338996.9552335336,20190314,0.00020396887544893438,2019-03-14
1345723.7840868195,20190315,0.005023782038483082,2019-03-15
1347963.695884173,20190318,0.0016644662328484383,2019-03-18
1347181.4451885559,20190319,-0.00058032029943067,2019-03-19
1342021.2734307272,20190320,-0.003830346518101324,2019-03-20
1357599.7840467556,20190321,0.01160824416456796,2019-03-21
1337978.8164870872,20190322,-0.014452689069515023,2019-03-22
1332942.3658506486,20190325,-0.003764223001423872,2019-03-25
1340219.1856968305,20190326,0.005459215666491435,2019-03-26
1337443.3809243706,20190327,-0.0020711573167165875,2019-03-27
1343177.1706168058,20190328,0.004287127047181816,2019-03-28
1352487.9578164308,20190329,0.006931912932490736,2019-03-29
1367615.6129363035,20190401,0.011185057162576229,2019-04-01
1335129.8752151385,20190402,-0.023753558685555842,2019-04-02
1333842.8018804437,20190403,-0.0009640060930308225,2019-04-03
1333842.8018804437,20190404,0.0,2019-04-04
1333842.8018804437,20190405,0.0,2019-04-05
1333723.1952203524,20190408,-8.967073175536466e-05,2019-04-08
1333604.5315256,20190409,-8.897175604172247e-05,2019-04-09
1333604.5315256,20190410,0.0,2019-04-10
1333604.5315256,20190411,0.0,2019-04-11
1333604.5315256,20190412,0.0,2019-04-12
1333604.5315256,20190415,0.0,2019-04-15
1333604.5315256,20190416,0.0,2019-04-16
1333604.5315256,20190417,0.0,2019-04-17
1333604.5315256,20190418,0.0,2019-04-18
1333604.5315256,20190422,0.0,2019-04-22
1333604.5315256,20190423,0.0,2019-04-23
1333604.5315256,20190424,0.0,2019-04-24
1333604.5315256,20190425,0.0,2019-04-25
1333604.5315256,20190426,0.0,2019-04-26
1333604.5315256,20190429,0.0,2019-04-29
1333604.5315256,20190430,0.0,2019-04-30
1333604.5315256,20190501,0.0,2019-05-01
1333604.5315256,20190502,0.0,2019-05-02
1333604.5315256,20190503,0.0,2019-05-03
1333604.5315256,20190506,0.0,2019-05-06
1333604.5315256,20190507,0.0,2019-05-07
1333604.5315256,20190508,0.0,2019-05-08
1333604.5315256,20190509,0.0,2019-05-09
1333604.5315256,20190510,0.0,2019-05-10
1333604.5315256,20190513,0.0,2019-05-13
1333604.5315256,20190514,0.0,2019-05-14
1333604.5315256,20190515,0.0,2019-05-15
1333604.5315256,20190516,0.0,2019-05-16
1333604.5315256,20190517,0.0,2019-05-17
1333604.5315256,20190520,0.0,2019-05-20
1333604.5315256,20190521,0.0,2019-05-21
1333604.5315256,20190522,0.0,2019-05-22
1333604.5315256,20190523,0.0,2019-05-23
1333604.5315256,20190524,0.0,2019-05-24
1333604.5315256,20190528,0.0,2019-05-28
1333604.5315256,20190529,0.0,2019-05-29
1333604.5315256,20190530,0.0,2019-05-30
1333604.5315256,20190531,0.0,2019-05-31
1333604.5315256,20190603,0.0,2019-06-03
1333604.5315256,20190604,0.0,2019-06-04
1333604.5315256,20190605,0.0,2019-06-05
1333604.5315256,20190606,0.0,2019-06-06
1333604.5315256,20190607,0.0,2019-06-07
1333604.5315256,20190610,0.0,2019-06-10
1333604.5315256,20190611,0.0,2019-06-11
1333604.5315256,20190612,0.0,2019-06-12
1333604.5315256,20190613,0.0,2019-06-13
1333604.5315256,20190614,0.0,2019-06-14
1333604.5315256,20190617,0.0,2019-06-17
1333604.5315256,20190618,0.0,2019-06-18
1333604.5315256,20190619,0.0,2019-06-19
1333604.5315256,20190620,0.0,2019-06-20
1333604.5315256,20190621,0.0,2019-06-21
1333604.5315256,20190624,0.0,2019-06-24
1333604.5315256,20190625,0.0,2019-06-25
1333604.5315256,20190626,0.0,2019-06-26
1332835.100323395,20190627,-0.0005769560495754167,2019-06-27
1333798.1574038398,20190628,0.0007225628138176621,2019-06-28
1335011.1039170271,20190701,0.0009093928541243912,2019-07-01
1334904.586597571,20190702,-7.978759063775875e-05,2019-07-02
1336825.3062935648,20190703,0.0014388441805339713,2019-07-03
1336842.4057660108,20190705,1.2791104690546007e-05,2019-07-05
1336842.4057660108,20190708,0.0,2019-07-08
1334533.3941581522,20190709,-0.0017272130192006463,2019-07-09
1335816.1130733348,20190710,0.0009611740858621598,2019-07-10
1338306.9647799137,20190711,0.0018646666125685663,2019-07-11
1337913.6534364277,20190712,-0.000293887242491242,2019-07-12
1337913.6534364277,20190715,0.0,2019-07-15
1337913.6534364277,20190716,0.0,2019-07-16
1337913.6534364277,20190717,0.0,2019-07-17
1338791.5540841024,20190718,0.0006561713795354418,2019-07-18
1338385.658342816,20190719,-0.00030318068563273126,2019-07-19
1338904.6747775723,20190722,0.0003877928843014633,2019-07-22
1340930.8217480015,20190723,0.0015132869490994683,2019-07-23
1340365.3575909098,20190724,-0.00042169524924073887,2019-07-24
1339894.0323406742,20190725,-0.00035163938516191706,2019-07-25
1339894.0323406742,20190726,0.0,2019-07-26
1339894.0323406742,20190729,0.0,2019-07-29
1339894.0323406742,20190730,0.0,2019-07-30
1339894.0323406742,20190731,0.0,2019-07-31
1338356.5422973621,20190801,-0.0011474713717667395,2019-08-01
1338235.3329781096,20190802,-9.056579126853759e-05,2019-08-02
1335220.475626546,20190805,-0.0022528603731112318,2019-08-05
1338675.2182704024,20190806,0.002587394896139017,2019-08-06
1337881.7366723698,20190807,-0.0005927364510847077,2019-08-07
1337593.865470662,20190808,-0.00021516939339027985,2019-08-08
1337593.865470662,20190809,0.0,2019-08-09
1337593.865470662,20190812,0.0,2019-08-12
1337593.865470662,20190813,0.0,2019-08-13
1337593.865470662,20190814,0.0,2019-08-14
1337593.865470662,20190815,0.0,2019-08-15
1337593.865470662,20190816,0.0,2019-08-16
1337593.865470662,20190819,0.0,2019-08-19
1337593.865470662,20190820,0.0,2019-08-20
1337593.865470662,20190821,0.0,2019-08-21
1337593.865470662,20190822,0.0,2019-08-22
1337593.865470662,20190823,0.0,2019-08-23
1337593.865470662,20190826,0.0,2019-08-26
1337593.865470662,20190827,0.0,2019-08-27
1337593.865470662,20190828,0.0,2019-08-28
1337593.865470662,20190829,0.0,2019-08-29
1337593.865470662,20190830,0.0,2019-08-30
1337593.865470662,20190903,0.0,2019-09-03
1337593.865470662,20190904,0.0,2019-09-04
1337593.865470662,20190905,0.0,2019-09-05
1337593.865470662,20190906,0.0,2019-09-06
1337593.865470662,20190909,0.0,2019-09-09
1337593.865470662,20190910,0.0,2019-09-10
1337593.865470662,20190911,0.0,2019-09-11
1337593.865470662,20190912,0.0,2019-09-12
1337593.865470662,20190913,0.0,2019-09-13
1337593.865470662,20190916,0.0,2019-09-16
1337593.865470662,20190917,0.0,2019-09-17
1337593.865470662,20190918,0.0,2019-09-18
1337593.865470662,20190919,0.0,2019-09-19
1337593.865470662,20190920,0.0,2019-09-20
1337593.865470662,20190923,0.0,2019-09-23
1337593.865470662,20190924,0.0,2019-09-24
1337593.865470662,20190925,0.0,2019-09-25
1337593.865470662,20190926,0.0,2019-09-26
1337593.865470662,20190927,0.0,2019-09-27
1337593.865470662,20190930,0.0,2019-09-30
1337593.865470662,20191001,0.0,2019-10-01
1337593.865470662,20191002,0.0,2019-10-02
1337593.865470662,20191003,0.0,2019-10-03
1337593.865470662,20191004,0.0,2019-10-04
1336981.9640178205,20191007,-0.00045746430858972786,2019-10-07
1336865.4182379982,20191008,-8.717079434050756e-05,2019-10-08
1336865.4182379982,20191009,0.0,2019-10-09
1336865.4182379982,20191010,0.0,2019-10-10
1336865.4182379982,20191011,0.0,2019-10-11
1336865.4182379982,20191014,0.0,2019-10-14
1336865.4182379982,20191015,0.0,2019-10-15
1336865.4182379982,20191016,0.0,2019-10-16
1336865.4182379982,20191017,0.0,2019-10-17
1336865.4182379982,20191018,0.0,2019-10-18
1336865.4182379982,20191021,0.0,2019-10-21
1336865.4182379982,20191022,0.0,2019-10-22
1336865.4182379982,20191023,0.0,2019-10-23
1336865.4182379982,20191024,0.0,2019-10-24
1336865.4182379982,20191025,0.0,2019-10-25
1336865.4182379982,20191028,0.0,2019-10-28
1336865.4182379982,20191029,0.0,2019-10-29
1336865.4182379982,20191030,0.0,2019-10-30
1336865.4182379982,20191031,0.0,2019-10-31
1336865.4182379982,20191101,0.0,2019-11-01
1336865.4182379982,20191104,0.0,2019-11-04
1336865.4182379982,20191105,0.0,2019-11-05
1336865.4182379982,20191106,0.0,2019-11-06
1336865.4182379982,20191107,0.0,2019-11-07
1336865.4182379982,20191108,0.0,2019-11-08
1336865.4182379982,20191111,0.0,2019-11-11
1336865.4182379982,20191112,0.0,2019-11-12
1337342.269895671,20191113,0.0003566938385624052,2019-11-13
1337228.6440604422,20191114,-8.496391521195523e-05,2019-11-14
1337228.6440604422,20191115,0.0,2019-11-15
1337228.6440604422,20191118,0.0,2019-11-18
1337228.6440604422,20191119,0.0,2019-11-19
1337228.6440604422,20191120,0.0,2019-11-20
1337228.6440604422,20191121,0.0,2019-11-21
1337228.6440604422,20191122,0.0,2019-11-22
1337228.6440604422,20191125,0.0,2019-11-25
1337228.6440604422,20191126,0.0,2019-11-26
1337228.6440604422,20191127,0.0,2019-11-27
1337228.6440604422,20191129,0.0,2019-11-29
1337228.6440604422,20191202,0.0,2019-12-02
1337228.6440604422,20191203,0.0,2019-12-03
1337228.6440604422,20191204,0.0,2019-12-04
1337228.6440604422,20191205,0.0,2019-12-05
1337228.6440604422,20191206,0.0,2019-12-06
1337228.6440604422,20191209,0.0,2019-12-09
1337228.6440604422,20191210,0.0,2019-12-10
1337228.6440604422,20191211,0.0,2019-12-11
1337228.6440604422,20191212,0.0,2019-12-12
1337228.6440604422,20191213,0.0,2019-12-13
1337228.6440604422,20191216,0.0,2019-12-16
1337228.6440604422,20191217,0.0,2019-12-17
1337228.6440604422,20191218,0.0,2019-12-18
1337228.6440604422,20191219,0.0,2019-12-19
1337228.6440604422,20191220,0.0,2019-12-20
1337228.6440604422,20191223,0.0,2019-12-23
1337228.6440604422,20191224,0.0,2019-12-24
1337228.6440604422,20191226,0.0,2019-12-26
1337228.6440604422,20191227,0.0,2019-12-27
1337228.6440604422,20191230,0.0,2019-12-30
1337228.6440604422,20191231,0.0,2019-12-31
1337228.6440604422,20200102,0.0,2020-01-02
1337228.6440604422,20200103,0.0,2020-01-03
1337228.6440604422,20200106,0.0,2020-01-06
1335945.9604133372,20200107,-0.0009592104183546724,2020-01-07
1337588.13504797,20200108,0.001229222351272874,2020-01-08
1337351.6526089942,20200109,-0.00017679765002365233,2020-01-09
1336305.4153312743,20200110,-0.0007823202488880243,2020-01-10
1336094.2620576809,20200113,-0.00015801273509097324,2020-01-13
1336094.2620576809,20200114,0.0,2020-01-14
1336094.2620576809,20200115,0.0,2020-01-15
1336094.2620576809,20200116,0.0,2020-01-16
1336094.2620576809,20200117,0.0,2020-01-17
1336094.2620576809,20200121,0.0,2020-01-21
1336094.2620576809,20200122,0.0,2020-01-22
1336094.2620576809,20200123,0.0,2020-01-23
1336094.2620576809,20200124,0.0,2020-01-24
1336094.2620576809,20200127,0.0,2020-01-27
1336094.2620576809,20200128,0.0,2020-01-28
1336094.2620576809,20200129,0.0,2020-01-29
1336094.2620576809,20200130,0.0,2020-01-30
1336094.2620576809,20200131,0.0,2020-01-31
1336094.2620576809,20200203,0.0,2020-02-03
1336094.2620576809,20200204,0.0,2020-02-04
1336094.2620576809,20200205,0.0,2020-02-05
1336094.2620576809,20200206,0.0,2020-02-06
1336094.2620576809,20200207,0.0,2020-02-07
1336094.2620576809,20200210,0.0,2020-02-10
1336094.2620576809,20200211,0.0,2020-02-11
1336094.2620576809,20200212,0.0,2020-02-12
1336094.2620576809,20200213,0.0,2020-02-13
1336094.2620576809,20200214,0.0,2020-02-14
1336094.2620576809,20200218,0.0,2020-02-18
1336094.2620576809,20200219,0.0,2020-02-19
1336094.2620576809,20200220,0.0,2020-02-20
1336094.2620576809,20200221,0.0,2020-02-21
1331006.3280340044,20200224,-0.0038080651703725765,2020-02-24
1324251.457941776,20200225,-0.005075009750108328,2020-02-25
1324024.0346984132,20200226,-0.00017173720444008111,2020-02-26
1324024.0346984132,20200227,0.0,2020-02-27
1322429.6153081474,20200228,-0.0012042223921026052,2020-02-28
1322285.9335625994,20200302,-0.00010864982444802607,2020-03-02
1322285.9335625994,20200303,0.0,2020-03-03
1322285.9335625994,20200304,0.0,2020-03-04
1322285.9335625994,20200305,0.0,2020-03-05
1322285.9335625994,20200306,0.0,2020-03-06
1322285.9335625994,20200309,0.0,2020-03-09
1322285.9335625994,20200310,0.0,2020-03-10
1322285.9335625994,20200311,0.0,2020-03-11
1322285.9335625994,20200312,0.0,2020-03-12
1322285.9335625994,20200313,0.0,2020-03-13
1322285.9335625994,20200316,0.0,2020-03-16
1322285.9335625994,20200317,0.0,2020-03-17
1322285.9335625994,20200318,0.0,2020-03-18
1322285.9335625994,20200319,0.0,2020-03-19
1322285.9335625994,20200320,0.0,2020-03-20
1322285.9335625994,20200323,0.0,2020-03-23
1322285.9335625994,20200324,0.0,2020-03-24
1322285.9335625994,20200325,0.0,2020-03-25
1322285.9335625994,20200326,0.0,2020-03-26
1322285.9335625994,20200327,0.0,2020-03-27
1322285.9335625994,20200330,0.0,2020-03-30
1322285.9335625994,20200331,0.0,2020-03-31
1322285.9335625994,20200401,0.0,2020-04-01
1322285.9335625994,20200402,0.0,2020-04-02
1322285.9335625994,20200403,0.0,2020-04-03
1322285.9335625994,20200406,0.0,2020-04-06
1322302.089679859,20200407,1.2218323472756865e-05,2020-04-07
1322162.836521109,20200408,-0.00010531115381029466,2020-04-08
1322162.836521109,20200409,0.0,2020-04-09
1322162.836521109,20200413,0.0,2020-04-13
1322162.836521109,20200414,0.0,2020-04-14
1322162.836521109,20200415,0.0,2020-04-15
1322162.836521109,20200416,0.0,2020-04-16
1322162.836521109,20200417,0.0,2020-04-17
1322162.836521109,20200420,0.0,2020-04-20
1322162.836521109,20200421,0.0,2020-04-21
1322162.836521109,20200422,0.0,2020-04-22
1322162.836521109,20200423,0.0,2020-04-23
1322162.836521109,20200424,0.0,2020-04-24
1322162.836521109,20200427,0.0,2020-04-27
1322162.836521109,20200428,0.0,2020-04-28
1322162.836521109,20200429,0.0,2020-04-29
1322162.836521109,20200430,0.0,2020-04-30
1322162.836521109,20200501,0.0,2020-05-01
1322162.836521109,20200504,0.0,2020-05-04
1322162.836521109,20200505,0.0,2020-05-05
1322162.836521109,20200506,0.0,2020-05-06
1322162.836521109,20200507,0.0,2020-05-07
1322162.836521109,20200508,0.0,2020-05-08
1322162.836521109,20200511,0.0,2020-05-11
1322162.836521109,20200512,0.0,2020-05-12
1322162.836521109,20200513,0.0,2020-05-13
1322162.836521109,20200514,0.0,2020-05-14
1322162.836521109,20200515,0.0,2020-05-15
1322162.836521109,20200518,0.0,2020-05-18
1322162.836521109,20200519,0.0,2020-05-19
1322162.836521109,20200520,0.0,2020-05-20
1322162.836521109,20200521,0.0,2020-05-21
1322162.836521109,20200522,0.0,2020-05-22
1322162.836521109,20200526,0.0,2020-05-26
1322162.836521109,20200527,0.0,2020-05-27
1322162.836521109,20200528,0.0,2020-05-28
1321843.2641418285,20200529,-0.00024170425189184996,2020-05-29
1323125.727290457,20200601,0.000970208180817167,2020-06-01
1322926.2979037804,20200602,-0.00015072595337195516,2020-06-02
1322926.2979037804,20200603,0.0,2020-06-03
1322926.2979037804,20200604,0.0,2020-06-04
1324833.8214059426,20200605,0.0014418970317429114,2020-06-05
1324747.4516436595,20200608,-6.519290260220689e-05,2020-06-08
1324747.4516436595,20200609,0.0,2020-06-09
1324747.4516436595,20200610,0.0,2020-06-10
1324747.4516436595,20200611,0.0,2020-06-11
1324747.4516436595,20200612,0.0,2020-06-12
1324747.4516436595,20200615,0.0,2020-06-15
1324747.4516436595,20200616,0.0,2020-06-16
1324747.4516436595,20200617,0.0,2020-06-17
1324747.4516436595,20200618,0.0,2020-06-18
1324747.4516436595,20200619,0.0,2020-06-19
1324747.4516436595,20200622,0.0,2020-06-22
1324747.4516436595,20200623,0.0,2020-06-23
1324747.4516436595,20200624,0.0,2020-06-24
1324747.4516436595,20200625,0.0,2020-06-25
1324747.4516436595,20200626,0.0,2020-06-26
1324747.4516436595,20200629,0.0,2020-06-29
1324747.4516436595,20200630,0.0,2020-06-30
1324747.4516436595,20200701,0.0,
1324747.4516436595,20200702,0.0,
1324747.4516436595,20200706,0.0,
